21/06/2021,"Apresentação (OO / Java) Java - Conceitos, Compilação, JVM Sintaxe Java (Imperativo)"
23/06/2021,"Exercícios da aula: Apresentação (OO / Java) Java - Conceitos, Compilação, JVM Sintaxe Java (Imperativo)"
28/06/2021,Java - Arrays (Básico)
30/06/2021,Exercícios da aula: Java - Arrays (Básico)
05/07/2021,"Construtores, Atributos, Métodos e Visibilidade - Ocultação da Informação e Encapsulamento - Null e Exceções - Apresentação Atividade 01"
07/07/2021,"Exercícios da Aula - Construtores, Atributos, Métodos e Visibilidade - Ocultação da Informação e Encapsulamento - Null e Exceções"
12/07/2021,Java - Design - Associação e Composição
14/07/2021,Exercícios da aula - Java - Design - Associação e Composição
19/07/2021,"Object (equals, hashcode e toString) - Testes de Unidade e Junit"
21/07/2021,"Exercícios da aula - Object (equals, hashcode e toString) - Testes de Unidade e Junit"
26/07/2021,Aula de exercícios complementares - Mais exemplos de Métodos Básicos
28/07/2021,Aula de exercícios complementares - Trabalho adicional com testes JUnit
02/08/2021,"Java - Collection, Lista, API, Collections"
04/08/2021,"Exercícios da Aula - Java - Collection, Lista, API, Collections"
09/08/2021,Java - Conjuntos e Mapas
11/08/2021,Exercícios da aula - Java - Conjuntos e Mapas
16/08/2021,Aula de exercícios complementares - Construção de sistemas
18/08/2021,"Aula de exercícios complementares - Mais exemplos de coleções (listas, mapas, conjuntos)"
23/08/2021,"Controller - Polimorfismo de Subtipo, Usando Interfaces"
25/08/2021,"Aula de Exercícios - Controller - Polimorfismo de Subtipo, Usando Interfaces"
30/08/2021,Implementação de Interfaces
01/09/2021,Aula de Exercícios - Implementação de Interfaces
06/09/2021,Aula complementar de exercícios - Exemplos avançados com interface
08/09/2021,Discussão e dúvidas sobre a atividade 4 - Exemplos construtivos
13/09/2021,"Reuso de código, polimorfismo com herança"
15/09/2021,"Aula de exercícios - Reuso de código, polimorfismo com herança"
20/09/2021,Classes Abstratas - Herança e Composição
22/09/2021,Aula de exercícios - Classes Abstratas - Herança e Composição
27/09/2021,Acompanhamento das atividades pendentes - Encerramento
29/09/2021,"Exercícios complementares sobre classes abstratas, herança e composição"
04/10/2021,Acompanhamento da Atividade 5 - Dúvidas e pendências
06/10/2021,Acompanhamento da Atividade 5 - Parte final e entrega
